Date_key,Day,Day_of_week,Month,Year,Week_of_month,Week_of_year,Full_date
1,1,3,1,2013,1,1,2013-01-01
2,2,4,1,2013,1,1,2013-01-02
3,3,5,1,2013,1,1,2013-01-03
4,4,6,1,2013,1,1,2013-01-04
5,5,7,1,2013,1,1,2013-01-05
6,6,1,1,2013,2,2,2013-01-06
7,7,2,1,2013,2,2,2013-01-07
8,8,3,1,2013,2,2,2013-01-08
9,9,4,1,2013,2,2,2013-01-09
10,10,5,1,2013,2,2,2013-01-10
11,11,6,1,2013,2,2,2013-01-11
12,12,7,1,2013,2,2,2013-01-12
13,13,1,1,2013,3,3,2013-01-13
14,14,2,1,2013,3,3,2013-01-14
15,15,3,1,2013,3,3,2013-01-15
16,16,4,1,2013,3,3,2013-01-16
17,17,5,1,2013,3,3,2013-01-17
18,18,6,1,2013,3,3,2013-01-18
19,19,7,1,2013,3,3,2013-01-19
20,20,1,1,2013,4,4,2013-01-20
21,21,2,1,2013,4,4,2013-01-21
22,22,3,1,2013,4,4,2013-01-22
23,23,4,1,2013,4,4,2013-01-23
24,24,5,1,2013,4,4,2013-01-24
25,25,6,1,2013,4,4,2013-01-25
26,26,7,1,2013,4,4,2013-01-26
27,27,1,1,2013,5,5,2013-01-27
28,28,2,1,2013,5,5,2013-01-28
29,29,3,1,2013,5,5,2013-01-29
30,30,4,1,2013,5,5,2013-01-30
31,31,5,1,2013,5,5,2013-01-31
32,1,6,2,2013,1,5,2013-02-01
33,2,7,2,2013,1,5,2013-02-02
34,3,1,2,2013,2,6,2013-02-03
35,4,2,2,2013,2,6,2013-02-04
36,5,3,2,2013,2,6,2013-02-05
37,6,4,2,2013,2,6,2013-02-06
38,7,5,2,2013,2,6,2013-02-07
39,8,6,2,2013,2,6,2013-02-08
40,9,7,2,2013,2,6,2013-02-09
41,10,1,2,2013,3,7,2013-02-10
42,11,2,2,2013,3,7,2013-02-11
43,12,3,2,2013,3,7,2013-02-12
44,13,4,2,2013,3,7,2013-02-13
45,14,5,2,2013,3,7,2013-02-14
46,15,6,2,2013,3,7,2013-02-15
47,16,7,2,2013,3,7,2013-02-16
48,17,1,2,2013,4,8,2013-02-17
49,18,2,2,2013,4,8,2013-02-18
50,19,3,2,2013,4,8,2013-02-19
51,20,4,2,2013,4,8,2013-02-20
52,21,5,2,2013,4,8,2013-02-21
53,22,6,2,2013,4,8,2013-02-22
54,23,7,2,2013,4,8,2013-02-23
55,24,1,2,2013,5,9,2013-02-24
56,25,2,2,2013,5,9,2013-02-25
57,26,3,2,2013,5,9,2013-02-26
58,27,4,2,2013,5,9,2013-02-27
59,28,5,2,2013,5,9,2013-02-28
60,1,6,3,2013,1,9,2013-03-01
61,2,7,3,2013,1,9,2013-03-02
62,3,1,3,2013,2,10,2013-03-03
63,4,2,3,2013,2,10,2013-03-04
64,5,3,3,2013,2,10,2013-03-05
65,6,4,3,2013,2,10,2013-03-06
66,7,5,3,2013,2,10,2013-03-07
67,8,6,3,2013,2,10,2013-03-08
68,9,7,3,2013,2,10,2013-03-09
69,10,1,3,2013,3,11,2013-03-10
70,11,2,3,2013,3,11,2013-03-11
71,12,3,3,2013,3,11,2013-03-12
72,13,4,3,2013,3,11,2013-03-13
73,14,5,3,2013,3,11,2013-03-14
74,15,6,3,2013,3,11,2013-03-15
75,16,7,3,2013,3,11,2013-03-16
76,17,1,3,2013,4,12,2013-03-17
77,18,2,3,2013,4,12,2013-03-18
78,19,3,3,2013,4,12,2013-03-19
79,20,4,3,2013,4,12,2013-03-20
80,21,5,3,2013,4,12,2013-03-21
81,22,6,3,2013,4,12,2013-03-22
82,23,7,3,2013,4,12,2013-03-23
83,24,1,3,2013,5,13,2013-03-24
84,25,2,3,2013,5,13,2013-03-25
85,26,3,3,2013,5,13,2013-03-26
86,27,4,3,2013,5,13,2013-03-27
87,28,5,3,2013,5,13,2013-03-28
88,29,6,3,2013,5,13,2013-03-29
89,30,7,3,2013,5,13,2013-03-30
90,31,1,3,2013,6,14,2013-03-31
91,1,2,4,2013,1,14,2013-04-01
92,2,3,4,2013,1,14,2013-04-02
93,3,4,4,2013,1,14,2013-04-03
94,4,5,4,2013,1,14,2013-04-04
95,5,6,4,2013,1,14,2013-04-05
96,6,7,4,2013,1,14,2013-04-06
97,7,1,4,2013,2,15,2013-04-07
98,8,2,4,2013,2,15,2013-04-08
99,9,3,4,2013,2,15,2013-04-09
100,10,4,4,2013,2,15,2013-04-10
101,11,5,4,2013,2,15,2013-04-11
102,12,6,4,2013,2,15,2013-04-12
103,13,7,4,2013,2,15,2013-04-13
104,14,1,4,2013,3,16,2013-04-14
105,15,2,4,2013,3,16,2013-04-15
106,16,3,4,2013,3,16,2013-04-16
107,17,4,4,2013,3,16,2013-04-17
108,18,5,4,2013,3,16,2013-04-18
109,19,6,4,2013,3,16,2013-04-19
110,20,7,4,2013,3,16,2013-04-20
111,21,1,4,2013,4,17,2013-04-21
112,22,2,4,2013,4,17,2013-04-22
113,23,3,4,2013,4,17,2013-04-23
114,24,4,4,2013,4,17,2013-04-24
115,25,5,4,2013,4,17,2013-04-25
116,26,6,4,2013,4,17,2013-04-26
117,27,7,4,2013,4,17,2013-04-27
118,28,1,4,2013,5,18,2013-04-28
119,29,2,4,2013,5,18,2013-04-29
120,30,3,4,2013,5,18,2013-04-30
121,1,4,5,2013,1,18,2013-05-01
122,2,5,5,2013,1,18,2013-05-02
123,3,6,5,2013,1,18,2013-05-03
124,4,7,5,2013,1,18,2013-05-04
125,5,1,5,2013,2,19,2013-05-05
126,6,2,5,2013,2,19,2013-05-06
127,7,3,5,2013,2,19,2013-05-07
128,8,4,5,2013,2,19,2013-05-08
129,9,5,5,2013,2,19,2013-05-09
130,10,6,5,2013,2,19,2013-05-10
131,11,7,5,2013,2,19,2013-05-11
132,12,1,5,2013,3,20,2013-05-12
133,13,2,5,2013,3,20,2013-05-13
134,14,3,5,2013,3,20,2013-05-14
135,15,4,5,2013,3,20,2013-05-15
136,16,5,5,2013,3,20,2013-05-16
137,17,6,5,2013,3,20,2013-05-17
138,18,7,5,2013,3,20,2013-05-18
139,19,1,5,2013,4,21,2013-05-19
140,20,2,5,2013,4,21,2013-05-20
141,21,3,5,2013,4,21,2013-05-21
142,22,4,5,2013,4,21,2013-05-22
143,23,5,5,2013,4,21,2013-05-23
144,24,6,5,2013,4,21,2013-05-24
145,25,7,5,2013,4,21,2013-05-25
146,26,1,5,2013,5,22,2013-05-26
147,27,2,5,2013,5,22,2013-05-27
148,28,3,5,2013,5,22,2013-05-28
149,29,4,5,2013,5,22,2013-05-29
150,30,5,5,2013,5,22,2013-05-30
151,31,6,5,2013,5,22,2013-05-31
152,1,7,6,2013,1,22,2013-06-01
153,2,1,6,2013,2,23,2013-06-02
154,3,2,6,2013,2,23,2013-06-03
155,4,3,6,2013,2,23,2013-06-04
156,5,4,6,2013,2,23,2013-06-05
157,6,5,6,2013,2,23,2013-06-06
158,7,6,6,2013,2,23,2013-06-07
159,8,7,6,2013,2,23,2013-06-08
160,9,1,6,2013,3,24,2013-06-09
161,10,2,6,2013,3,24,2013-06-10
162,11,3,6,2013,3,24,2013-06-11
163,12,4,6,2013,3,24,2013-06-12
164,13,5,6,2013,3,24,2013-06-13
165,14,6,6,2013,3,24,2013-06-14
166,15,7,6,2013,3,24,2013-06-15
167,16,1,6,2013,4,25,2013-06-16
168,17,2,6,2013,4,25,2013-06-17
169,18,3,6,2013,4,25,2013-06-18
170,19,4,6,2013,4,25,2013-06-19
171,20,5,6,2013,4,25,2013-06-20
172,21,6,6,2013,4,25,2013-06-21
173,22,7,6,2013,4,25,2013-06-22
174,23,1,6,2013,5,26,2013-06-23
175,24,2,6,2013,5,26,2013-06-24
176,25,3,6,2013,5,26,2013-06-25
177,26,4,6,2013,5,26,2013-06-26
178,27,5,6,2013,5,26,2013-06-27
179,28,6,6,2013,5,26,2013-06-28
180,29,7,6,2013,5,26,2013-06-29
181,30,1,6,2013,6,27,2013-06-30
182,1,2,7,2013,1,27,2013-07-01
183,2,3,7,2013,1,27,2013-07-02
184,3,4,7,2013,1,27,2013-07-03
185,4,5,7,2013,1,27,2013-07-04
186,5,6,7,2013,1,27,2013-07-05
187,6,7,7,2013,1,27,2013-07-06
188,7,1,7,2013,2,28,2013-07-07
189,8,2,7,2013,2,28,2013-07-08
190,9,3,7,2013,2,28,2013-07-09
191,10,4,7,2013,2,28,2013-07-10
192,11,5,7,2013,2,28,2013-07-11
193,12,6,7,2013,2,28,2013-07-12
194,13,7,7,2013,2,28,2013-07-13
195,14,1,7,2013,3,29,2013-07-14
196,15,2,7,2013,3,29,2013-07-15
197,16,3,7,2013,3,29,2013-07-16
198,17,4,7,2013,3,29,2013-07-17
199,18,5,7,2013,3,29,2013-07-18
200,19,6,7,2013,3,29,2013-07-19
201,20,7,7,2013,3,29,2013-07-20
202,21,1,7,2013,4,30,2013-07-21
203,22,2,7,2013,4,30,2013-07-22
204,23,3,7,2013,4,30,2013-07-23
205,24,4,7,2013,4,30,2013-07-24
206,25,5,7,2013,4,30,2013-07-25
207,26,6,7,2013,4,30,2013-07-26
208,27,7,7,2013,4,30,2013-07-27
209,28,1,7,2013,5,31,2013-07-28
210,29,2,7,2013,5,31,2013-07-29
211,30,3,7,2013,5,31,2013-07-30
212,31,4,7,2013,5,31,2013-07-31
213,1,5,8,2013,1,31,2013-08-01
214,2,6,8,2013,1,31,2013-08-02
215,3,7,8,2013,1,31,2013-08-03
216,4,1,8,2013,2,32,2013-08-04
217,5,2,8,2013,2,32,2013-08-05
218,6,3,8,2013,2,32,2013-08-06
219,7,4,8,2013,2,32,2013-08-07
220,8,5,8,2013,2,32,2013-08-08
221,9,6,8,2013,2,32,2013-08-09
222,10,7,8,2013,2,32,2013-08-10
223,11,1,8,2013,3,33,2013-08-11
224,12,2,8,2013,3,33,2013-08-12
225,13,3,8,2013,3,33,2013-08-13
226,14,4,8,2013,3,33,2013-08-14
227,15,5,8,2013,3,33,2013-08-15
228,16,6,8,2013,3,33,2013-08-16
229,17,7,8,2013,3,33,2013-08-17
230,18,1,8,2013,4,34,2013-08-18
231,19,2,8,2013,4,34,2013-08-19
232,20,3,8,2013,4,34,2013-08-20
233,21,4,8,2013,4,34,2013-08-21
234,22,5,8,2013,4,34,2013-08-22
235,23,6,8,2013,4,34,2013-08-23
236,24,7,8,2013,4,34,2013-08-24
237,25,1,8,2013,5,35,2013-08-25
238,26,2,8,2013,5,35,2013-08-26
239,27,3,8,2013,5,35,2013-08-27
240,28,4,8,2013,5,35,2013-08-28
241,29,5,8,2013,5,35,2013-08-29
242,30,6,8,2013,5,35,2013-08-30
243,31,7,8,2013,5,35,2013-08-31
244,1,1,9,2013,1,36,2013-09-01
245,2,2,9,2013,1,36,2013-09-02
246,3,3,9,2013,1,36,2013-09-03
247,4,4,9,2013,1,36,2013-09-04
248,5,5,9,2013,1,36,2013-09-05
249,6,6,9,2013,1,36,2013-09-06
250,7,7,9,2013,1,36,2013-09-07
251,8,1,9,2013,2,37,2013-09-08
252,9,2,9,2013,2,37,2013-09-09
253,10,3,9,2013,2,37,2013-09-10
254,11,4,9,2013,2,37,2013-09-11
255,12,5,9,2013,2,37,2013-09-12
256,13,6,9,2013,2,37,2013-09-13
257,14,7,9,2013,2,37,2013-09-14
258,15,1,9,2013,3,38,2013-09-15
259,16,2,9,2013,3,38,2013-09-16
260,17,3,9,2013,3,38,2013-09-17
261,18,4,9,2013,3,38,2013-09-18
262,19,5,9,2013,3,38,2013-09-19
263,20,6,9,2013,3,38,2013-09-20
264,21,7,9,2013,3,38,2013-09-21
265,22,1,9,2013,4,39,2013-09-22
266,23,2,9,2013,4,39,2013-09-23
267,24,3,9,2013,4,39,2013-09-24
268,25,4,9,2013,4,39,2013-09-25
269,26,5,9,2013,4,39,2013-09-26
270,27,6,9,2013,4,39,2013-09-27
271,28,7,9,2013,4,39,2013-09-28
272,29,1,9,2013,5,40,2013-09-29
273,30,2,9,2013,5,40,2013-09-30
274,1,3,10,2013,1,40,2013-10-01
275,2,4,10,2013,1,40,2013-10-02
276,3,5,10,2013,1,40,2013-10-03
277,4,6,10,2013,1,40,2013-10-04
278,5,7,10,2013,1,40,2013-10-05
279,6,1,10,2013,2,41,2013-10-06
280,7,2,10,2013,2,41,2013-10-07
281,8,3,10,2013,2,41,2013-10-08
282,9,4,10,2013,2,41,2013-10-09
283,10,5,10,2013,2,41,2013-10-10
284,11,6,10,2013,2,41,2013-10-11
285,12,7,10,2013,2,41,2013-10-12
286,13,1,10,2013,3,42,2013-10-13
287,14,2,10,2013,3,42,2013-10-14
288,15,3,10,2013,3,42,2013-10-15
289,16,4,10,2013,3,42,2013-10-16
290,17,5,10,2013,3,42,2013-10-17
291,18,6,10,2013,3,42,2013-10-18
292,19,7,10,2013,3,42,2013-10-19
293,20,1,10,2013,4,43,2013-10-20
294,21,2,10,2013,4,43,2013-10-21
295,22,3,10,2013,4,43,2013-10-22
296,23,4,10,2013,4,43,2013-10-23
297,24,5,10,2013,4,43,2013-10-24
298,25,6,10,2013,4,43,2013-10-25
299,26,7,10,2013,4,43,2013-10-26
300,27,1,10,2013,5,44,2013-10-27
301,28,2,10,2013,5,44,2013-10-28
302,29,3,10,2013,5,44,2013-10-29
303,30,4,10,2013,5,44,2013-10-30
304,31,5,10,2013,5,44,2013-10-31
305,1,6,11,2013,1,44,2013-11-01
306,2,7,11,2013,1,44,2013-11-02
307,3,1,11,2013,2,45,2013-11-03
308,4,2,11,2013,2,45,2013-11-04
309,5,3,11,2013,2,45,2013-11-05
310,6,4,11,2013,2,45,2013-11-06
311,7,5,11,2013,2,45,2013-11-07
312,8,6,11,2013,2,45,2013-11-08
313,9,7,11,2013,2,45,2013-11-09
314,10,1,11,2013,3,46,2013-11-10
315,11,2,11,2013,3,46,2013-11-11
316,12,3,11,2013,3,46,2013-11-12
317,13,4,11,2013,3,46,2013-11-13
318,14,5,11,2013,3,46,2013-11-14
319,15,6,11,2013,3,46,2013-11-15
320,16,7,11,2013,3,46,2013-11-16
321,17,1,11,2013,4,47,2013-11-17
322,18,2,11,2013,4,47,2013-11-18
323,19,3,11,2013,4,47,2013-11-19
324,20,4,11,2013,4,47,2013-11-20
325,21,5,11,2013,4,47,2013-11-21
326,22,6,11,2013,4,47,2013-11-22
327,23,7,11,2013,4,47,2013-11-23
328,24,1,11,2013,5,48,2013-11-24
329,25,2,11,2013,5,48,2013-11-25
330,26,3,11,2013,5,48,2013-11-26
331,27,4,11,2013,5,48,2013-11-27
332,28,5,11,2013,5,48,2013-11-28
333,29,6,11,2013,5,48,2013-11-29
334,30,7,11,2013,5,48,2013-11-30
335,1,1,12,2013,1,49,2013-12-01
336,2,2,12,2013,1,49,2013-12-02
337,3,3,12,2013,1,49,2013-12-03
338,4,4,12,2013,1,49,2013-12-04
339,5,5,12,2013,1,49,2013-12-05
340,6,6,12,2013,1,49,2013-12-06
341,7,7,12,2013,1,49,2013-12-07
342,8,1,12,2013,2,50,2013-12-08
343,9,2,12,2013,2,50,2013-12-09
344,10,3,12,2013,2,50,2013-12-10
345,11,4,12,2013,2,50,2013-12-11
346,12,5,12,2013,2,50,2013-12-12
347,13,6,12,2013,2,50,2013-12-13
348,14,7,12,2013,2,50,2013-12-14
349,15,1,12,2013,3,51,2013-12-15
350,16,2,12,2013,3,51,2013-12-16
351,17,3,12,2013,3,51,2013-12-17
352,18,4,12,2013,3,51,2013-12-18
353,19,5,12,2013,3,51,2013-12-19
354,20,6,12,2013,3,51,2013-12-20
355,21,7,12,2013,3,51,2013-12-21
356,22,1,12,2013,4,52,2013-12-22
357,23,2,12,2013,4,52,2013-12-23
358,24,3,12,2013,4,52,2013-12-24
359,25,4,12,2013,4,52,2013-12-25
360,26,5,12,2013,4,52,2013-12-26
361,27,6,12,2013,4,52,2013-12-27
362,28,7,12,2013,4,52,2013-12-28
363,29,1,12,2013,5,1,2013-12-29
364,30,2,12,2013,5,1,2013-12-30
365,31,3,12,2013,5,1,2013-12-31
366,1,4,1,2014,1,1,2014-01-01
367,2,5,1,2014,1,1,2014-01-02
368,3,6,1,2014,1,1,2014-01-03
369,4,7,1,2014,1,1,2014-01-04
370,5,1,1,2014,2,2,2014-01-05
371,6,2,1,2014,2,2,2014-01-06
372,7,3,1,2014,2,2,2014-01-07
373,8,4,1,2014,2,2,2014-01-08
374,9,5,1,2014,2,2,2014-01-09
375,10,6,1,2014,2,2,2014-01-10
376,11,7,1,2014,2,2,2014-01-11
377,12,1,1,2014,3,3,2014-01-12
378,13,2,1,2014,3,3,2014-01-13
379,14,3,1,2014,3,3,2014-01-14
380,15,4,1,2014,3,3,2014-01-15
381,16,5,1,2014,3,3,2014-01-16
382,17,6,1,2014,3,3,2014-01-17
383,18,7,1,2014,3,3,2014-01-18
384,19,1,1,2014,4,4,2014-01-19
385,20,2,1,2014,4,4,2014-01-20
386,21,3,1,2014,4,4,2014-01-21
387,22,4,1,2014,4,4,2014-01-22
388,23,5,1,2014,4,4,2014-01-23
389,24,6,1,2014,4,4,2014-01-24
390,25,7,1,2014,4,4,2014-01-25
391,26,1,1,2014,5,5,2014-01-26
392,27,2,1,2014,5,5,2014-01-27
393,28,3,1,2014,5,5,2014-01-28
394,29,4,1,2014,5,5,2014-01-29
395,30,5,1,2014,5,5,2014-01-30
396,31,6,1,2014,5,5,2014-01-31
397,1,7,2,2014,1,5,2014-02-01
398,2,1,2,2014,2,6,2014-02-02
399,3,2,2,2014,2,6,2014-02-03
400,4,3,2,2014,2,6,2014-02-04
401,5,4,2,2014,2,6,2014-02-05
402,6,5,2,2014,2,6,2014-02-06
403,7,6,2,2014,2,6,2014-02-07
404,8,7,2,2014,2,6,2014-02-08
405,9,1,2,2014,3,7,2014-02-09
406,10,2,2,2014,3,7,2014-02-10
407,11,3,2,2014,3,7,2014-02-11
408,12,4,2,2014,3,7,2014-02-12
409,13,5,2,2014,3,7,2014-02-13
410,14,6,2,2014,3,7,2014-02-14
411,15,7,2,2014,3,7,2014-02-15
412,16,1,2,2014,4,8,2014-02-16
413,17,2,2,2014,4,8,2014-02-17
414,18,3,2,2014,4,8,2014-02-18
415,19,4,2,2014,4,8,2014-02-19
416,20,5,2,2014,4,8,2014-02-20
417,21,6,2,2014,4,8,2014-02-21
418,22,7,2,2014,4,8,2014-02-22
419,23,1,2,2014,5,9,2014-02-23
420,24,2,2,2014,5,9,2014-02-24
421,25,3,2,2014,5,9,2014-02-25
422,26,4,2,2014,5,9,2014-02-26
423,27,5,2,2014,5,9,2014-02-27
424,28,6,2,2014,5,9,2014-02-28
425,1,7,3,2014,1,9,2014-03-01
426,2,1,3,2014,2,10,2014-03-02
427,3,2,3,2014,2,10,2014-03-03
428,4,3,3,2014,2,10,2014-03-04
429,5,4,3,2014,2,10,2014-03-05
430,6,5,3,2014,2,10,2014-03-06
431,7,6,3,2014,2,10,2014-03-07
432,8,7,3,2014,2,10,2014-03-08
433,9,1,3,2014,3,11,2014-03-09
434,10,2,3,2014,3,11,2014-03-10
435,11,3,3,2014,3,11,2014-03-11
436,12,4,3,2014,3,11,2014-03-12
437,13,5,3,2014,3,11,2014-03-13
438,14,6,3,2014,3,11,2014-03-14
439,15,7,3,2014,3,11,2014-03-15
440,16,1,3,2014,4,12,2014-03-16
441,17,2,3,2014,4,12,2014-03-17
442,18,3,3,2014,4,12,2014-03-18
443,19,4,3,2014,4,12,2014-03-19
444,20,5,3,2014,4,12,2014-03-20
445,21,6,3,2014,4,12,2014-03-21
446,22,7,3,2014,4,12,2014-03-22
447,23,1,3,2014,5,13,2014-03-23
448,24,2,3,2014,5,13,2014-03-24
449,25,3,3,2014,5,13,2014-03-25
450,26,4,3,2014,5,13,2014-03-26
451,27,5,3,2014,5,13,2014-03-27
452,28,6,3,2014,5,13,2014-03-28
453,29,7,3,2014,5,13,2014-03-29
454,30,1,3,2014,6,14,2014-03-30
455,31,2,3,2014,6,14,2014-03-31
456,1,3,4,2014,1,14,2014-04-01
457,2,4,4,2014,1,14,2014-04-02
458,3,5,4,2014,1,14,2014-04-03
459,4,6,4,2014,1,14,2014-04-04
460,5,7,4,2014,1,14,2014-04-05
461,6,1,4,2014,2,15,2014-04-06
462,7,2,4,2014,2,15,2014-04-07
463,8,3,4,2014,2,15,2014-04-08
464,9,4,4,2014,2,15,2014-04-09
465,10,5,4,2014,2,15,2014-04-10
466,11,6,4,2014,2,15,2014-04-11
467,12,7,4,2014,2,15,2014-04-12
468,13,1,4,2014,3,16,2014-04-13
469,14,2,4,2014,3,16,2014-04-14
470,15,3,4,2014,3,16,2014-04-15
471,16,4,4,2014,3,16,2014-04-16
472,17,5,4,2014,3,16,2014-04-17
473,18,6,4,2014,3,16,2014-04-18
474,19,7,4,2014,3,16,2014-04-19
475,20,1,4,2014,4,17,2014-04-20
476,21,2,4,2014,4,17,2014-04-21
477,22,3,4,2014,4,17,2014-04-22
478,23,4,4,2014,4,17,2014-04-23
479,24,5,4,2014,4,17,2014-04-24
480,25,6,4,2014,4,17,2014-04-25
481,26,7,4,2014,4,17,2014-04-26
482,27,1,4,2014,5,18,2014-04-27
483,28,2,4,2014,5,18,2014-04-28
484,29,3,4,2014,5,18,2014-04-29
485,30,4,4,2014,5,18,2014-04-30
486,1,5,5,2014,1,18,2014-05-01
487,2,6,5,2014,1,18,2014-05-02
488,3,7,5,2014,1,18,2014-05-03
489,4,1,5,2014,2,19,2014-05-04
490,5,2,5,2014,2,19,2014-05-05
491,6,3,5,2014,2,19,2014-05-06
492,7,4,5,2014,2,19,2014-05-07
493,8,5,5,2014,2,19,2014-05-08
494,9,6,5,2014,2,19,2014-05-09
495,10,7,5,2014,2,19,2014-05-10
496,11,1,5,2014,3,20,2014-05-11
497,12,2,5,2014,3,20,2014-05-12
498,13,3,5,2014,3,20,2014-05-13
499,14,4,5,2014,3,20,2014-05-14
500,15,5,5,2014,3,20,2014-05-15
501,16,6,5,2014,3,20,2014-05-16
502,17,7,5,2014,3,20,2014-05-17
503,18,1,5,2014,4,21,2014-05-18
504,19,2,5,2014,4,21,2014-05-19
505,20,3,5,2014,4,21,2014-05-20
506,21,4,5,2014,4,21,2014-05-21
507,22,5,5,2014,4,21,2014-05-22
508,23,6,5,2014,4,21,2014-05-23
509,24,7,5,2014,4,21,2014-05-24
510,25,1,5,2014,5,22,2014-05-25
511,26,2,5,2014,5,22,2014-05-26
512,27,3,5,2014,5,22,2014-05-27
513,28,4,5,2014,5,22,2014-05-28
514,29,5,5,2014,5,22,2014-05-29
515,30,6,5,2014,5,22,2014-05-30
516,31,7,5,2014,5,22,2014-05-31
517,1,1,6,2014,1,23,2014-06-01
518,2,2,6,2014,1,23,2014-06-02
519,3,3,6,2014,1,23,2014-06-03
520,4,4,6,2014,1,23,2014-06-04
521,5,5,6,2014,1,23,2014-06-05
522,6,6,6,2014,1,23,2014-06-06
523,7,7,6,2014,1,23,2014-06-07
524,8,1,6,2014,2,24,2014-06-08
525,9,2,6,2014,2,24,2014-06-09
526,10,3,6,2014,2,24,2014-06-10
527,11,4,6,2014,2,24,2014-06-11
528,12,5,6,2014,2,24,2014-06-12
529,13,6,6,2014,2,24,2014-06-13
530,14,7,6,2014,2,24,2014-06-14
531,15,1,6,2014,3,25,2014-06-15
532,16,2,6,2014,3,25,2014-06-16
533,17,3,6,2014,3,25,2014-06-17
534,18,4,6,2014,3,25,2014-06-18
535,19,5,6,2014,3,25,2014-06-19
536,20,6,6,2014,3,25,2014-06-20
537,21,7,6,2014,3,25,2014-06-21
538,22,1,6,2014,4,26,2014-06-22
539,23,2,6,2014,4,26,2014-06-23
540,24,3,6,2014,4,26,2014-06-24
541,25,4,6,2014,4,26,2014-06-25
542,26,5,6,2014,4,26,2014-06-26
543,27,6,6,2014,4,26,2014-06-27
544,28,7,6,2014,4,26,2014-06-28
545,29,1,6,2014,5,27,2014-06-29
546,30,2,6,2014,5,27,2014-06-30
547,1,3,7,2014,1,27,2014-07-01
548,2,4,7,2014,1,27,2014-07-02
549,3,5,7,2014,1,27,2014-07-03
550,4,6,7,2014,1,27,2014-07-04
551,5,7,7,2014,1,27,2014-07-05
552,6,1,7,2014,2,28,2014-07-06
553,7,2,7,2014,2,28,2014-07-07
554,8,3,7,2014,2,28,2014-07-08
555,9,4,7,2014,2,28,2014-07-09
556,10,5,7,2014,2,28,2014-07-10
557,11,6,7,2014,2,28,2014-07-11
558,12,7,7,2014,2,28,2014-07-12
559,13,1,7,2014,3,29,2014-07-13
560,14,2,7,2014,3,29,2014-07-14
561,15,3,7,2014,3,29,2014-07-15
562,16,4,7,2014,3,29,2014-07-16
563,17,5,7,2014,3,29,2014-07-17
564,18,6,7,2014,3,29,2014-07-18
565,19,7,7,2014,3,29,2014-07-19
566,20,1,7,2014,4,30,2014-07-20
567,21,2,7,2014,4,30,2014-07-21
568,22,3,7,2014,4,30,2014-07-22
569,23,4,7,2014,4,30,2014-07-23
570,24,5,7,2014,4,30,2014-07-24
571,25,6,7,2014,4,30,2014-07-25
572,26,7,7,2014,4,30,2014-07-26
573,27,1,7,2014,5,31,2014-07-27
574,28,2,7,2014,5,31,2014-07-28
575,29,3,7,2014,5,31,2014-07-29
576,30,4,7,2014,5,31,2014-07-30
577,31,5,7,2014,5,31,2014-07-31
578,1,6,8,2014,1,31,2014-08-01
579,2,7,8,2014,1,31,2014-08-02
580,3,1,8,2014,2,32,2014-08-03
581,4,2,8,2014,2,32,2014-08-04
582,5,3,8,2014,2,32,2014-08-05
583,6,4,8,2014,2,32,2014-08-06
584,7,5,8,2014,2,32,2014-08-07
585,8,6,8,2014,2,32,2014-08-08
586,9,7,8,2014,2,32,2014-08-09
587,10,1,8,2014,3,33,2014-08-10
588,11,2,8,2014,3,33,2014-08-11
589,12,3,8,2014,3,33,2014-08-12
590,13,4,8,2014,3,33,2014-08-13
591,14,5,8,2014,3,33,2014-08-14
592,15,6,8,2014,3,33,2014-08-15
593,16,7,8,2014,3,33,2014-08-16
594,17,1,8,2014,4,34,2014-08-17
595,18,2,8,2014,4,34,2014-08-18
596,19,3,8,2014,4,34,2014-08-19
597,20,4,8,2014,4,34,2014-08-20
598,21,5,8,2014,4,34,2014-08-21
599,22,6,8,2014,4,34,2014-08-22
600,23,7,8,2014,4,34,2014-08-23
601,24,1,8,2014,5,35,2014-08-24
602,25,2,8,2014,5,35,2014-08-25
603,26,3,8,2014,5,35,2014-08-26
604,27,4,8,2014,5,35,2014-08-27
605,28,5,8,2014,5,35,2014-08-28
606,29,6,8,2014,5,35,2014-08-29
607,30,7,8,2014,5,35,2014-08-30
608,31,1,8,2014,6,36,2014-08-31
609,1,2,9,2014,1,36,2014-09-01
610,2,3,9,2014,1,36,2014-09-02
611,3,4,9,2014,1,36,2014-09-03
612,4,5,9,2014,1,36,2014-09-04
613,5,6,9,2014,1,36,2014-09-05
614,6,7,9,2014,1,36,2014-09-06
615,7,1,9,2014,2,37,2014-09-07
616,8,2,9,2014,2,37,2014-09-08
617,9,3,9,2014,2,37,2014-09-09
618,10,4,9,2014,2,37,2014-09-10
619,11,5,9,2014,2,37,2014-09-11
620,12,6,9,2014,2,37,2014-09-12
621,13,7,9,2014,2,37,2014-09-13
622,14,1,9,2014,3,38,2014-09-14
623,15,2,9,2014,3,38,2014-09-15
624,16,3,9,2014,3,38,2014-09-16
625,17,4,9,2014,3,38,2014-09-17
626,18,5,9,2014,3,38,2014-09-18
627,19,6,9,2014,3,38,2014-09-19
628,20,7,9,2014,3,38,2014-09-20
629,21,1,9,2014,4,39,2014-09-21
630,22,2,9,2014,4,39,2014-09-22
631,23,3,9,2014,4,39,2014-09-23
632,24,4,9,2014,4,39,2014-09-24
633,25,5,9,2014,4,39,2014-09-25
634,26,6,9,2014,4,39,2014-09-26
635,27,7,9,2014,4,39,2014-09-27
636,28,1,9,2014,5,40,2014-09-28
637,29,2,9,2014,5,40,2014-09-29
638,30,3,9,2014,5,40,2014-09-30
639,1,4,10,2014,1,40,2014-10-01
640,2,5,10,2014,1,40,2014-10-02
641,3,6,10,2014,1,40,2014-10-03
642,4,7,10,2014,1,40,2014-10-04
643,5,1,10,2014,2,41,2014-10-05
644,6,2,10,2014,2,41,2014-10-06
645,7,3,10,2014,2,41,2014-10-07
646,8,4,10,2014,2,41,2014-10-08
647,9,5,10,2014,2,41,2014-10-09
648,10,6,10,2014,2,41,2014-10-10
649,11,7,10,2014,2,41,2014-10-11
650,12,1,10,2014,3,42,2014-10-12
651,13,2,10,2014,3,42,2014-10-13
652,14,3,10,2014,3,42,2014-10-14
653,15,4,10,2014,3,42,2014-10-15
654,16,5,10,2014,3,42,2014-10-16
655,17,6,10,2014,3,42,2014-10-17
656,18,7,10,2014,3,42,2014-10-18
657,19,1,10,2014,4,43,2014-10-19
658,20,2,10,2014,4,43,2014-10-20
659,21,3,10,2014,4,43,2014-10-21
660,22,4,10,2014,4,43,2014-10-22
661,23,5,10,2014,4,43,2014-10-23
662,24,6,10,2014,4,43,2014-10-24
663,25,7,10,2014,4,43,2014-10-25
664,26,1,10,2014,5,44,2014-10-26
665,27,2,10,2014,5,44,2014-10-27
666,28,3,10,2014,5,44,2014-10-28
667,29,4,10,2014,5,44,2014-10-29
668,30,5,10,2014,5,44,2014-10-30
669,31,6,10,2014,5,44,2014-10-31
670,1,7,11,2014,1,44,2014-11-01
671,2,1,11,2014,2,45,2014-11-02
672,3,2,11,2014,2,45,2014-11-03
673,4,3,11,2014,2,45,2014-11-04
674,5,4,11,2014,2,45,2014-11-05
675,6,5,11,2014,2,45,2014-11-06
676,7,6,11,2014,2,45,2014-11-07
677,8,7,11,2014,2,45,2014-11-08
678,9,1,11,2014,3,46,2014-11-09
679,10,2,11,2014,3,46,2014-11-10
680,11,3,11,2014,3,46,2014-11-11
681,12,4,11,2014,3,46,2014-11-12
682,13,5,11,2014,3,46,2014-11-13
683,14,6,11,2014,3,46,2014-11-14
684,15,7,11,2014,3,46,2014-11-15
685,16,1,11,2014,4,47,2014-11-16
686,17,2,11,2014,4,47,2014-11-17
687,18,3,11,2014,4,47,2014-11-18
688,19,4,11,2014,4,47,2014-11-19
689,20,5,11,2014,4,47,2014-11-20
690,21,6,11,2014,4,47,2014-11-21
691,22,7,11,2014,4,47,2014-11-22
692,23,1,11,2014,5,48,2014-11-23
693,24,2,11,2014,5,48,2014-11-24
694,25,3,11,2014,5,48,2014-11-25
695,26,4,11,2014,5,48,2014-11-26
696,27,5,11,2014,5,48,2014-11-27
697,28,6,11,2014,5,48,2014-11-28
698,29,7,11,2014,5,48,2014-11-29
699,30,1,11,2014,6,49,2014-11-30
700,1,2,12,2014,1,49,2014-12-01
701,2,3,12,2014,1,49,2014-12-02
702,3,4,12,2014,1,49,2014-12-03
703,4,5,12,2014,1,49,2014-12-04
704,5,6,12,2014,1,49,2014-12-05
705,6,7,12,2014,1,49,2014-12-06
706,7,1,12,2014,2,50,2014-12-07
707,8,2,12,2014,2,50,2014-12-08
708,9,3,12,2014,2,50,2014-12-09
709,10,4,12,2014,2,50,2014-12-10
710,11,5,12,2014,2,50,2014-12-11
711,12,6,12,2014,2,50,2014-12-12
712,13,7,12,2014,2,50,2014-12-13
713,14,1,12,2014,3,51,2014-12-14
714,15,2,12,2014,3,51,2014-12-15
715,16,3,12,2014,3,51,2014-12-16
716,17,4,12,2014,3,51,2014-12-17
717,18,5,12,2014,3,51,2014-12-18
718,19,6,12,2014,3,51,2014-12-19
719,20,7,12,2014,3,51,2014-12-20
720,21,1,12,2014,4,52,2014-12-21
721,22,2,12,2014,4,52,2014-12-22
722,23,3,12,2014,4,52,2014-12-23
723,24,4,12,2014,4,52,2014-12-24
724,25,5,12,2014,4,52,2014-12-25
725,26,6,12,2014,4,52,2014-12-26
726,27,7,12,2014,4,52,2014-12-27
727,28,1,12,2014,5,1,2014-12-28
728,29,2,12,2014,5,1,2014-12-29
729,30,3,12,2014,5,1,2014-12-30
730,31,4,12,2014,5,1,2014-12-31
731,1,5,1,2015,1,1,2015-01-01
732,2,6,1,2015,1,1,2015-01-02
733,3,7,1,2015,1,1,2015-01-03
734,4,1,1,2015,2,2,2015-01-04
735,5,2,1,2015,2,2,2015-01-05
736,6,3,1,2015,2,2,2015-01-06
737,7,4,1,2015,2,2,2015-01-07
738,8,5,1,2015,2,2,2015-01-08
739,9,6,1,2015,2,2,2015-01-09
740,10,7,1,2015,2,2,2015-01-10
741,11,1,1,2015,3,3,2015-01-11
742,12,2,1,2015,3,3,2015-01-12
743,13,3,1,2015,3,3,2015-01-13
744,14,4,1,2015,3,3,2015-01-14
745,15,5,1,2015,3,3,2015-01-15
746,16,6,1,2015,3,3,2015-01-16
747,17,7,1,2015,3,3,2015-01-17
748,18,1,1,2015,4,4,2015-01-18
749,19,2,1,2015,4,4,2015-01-19
750,20,3,1,2015,4,4,2015-01-20
751,21,4,1,2015,4,4,2015-01-21
752,22,5,1,2015,4,4,2015-01-22
753,23,6,1,2015,4,4,2015-01-23
754,24,7,1,2015,4,4,2015-01-24
755,25,1,1,2015,5,5,2015-01-25
756,26,2,1,2015,5,5,2015-01-26
757,27,3,1,2015,5,5,2015-01-27
758,28,4,1,2015,5,5,2015-01-28
759,29,5,1,2015,5,5,2015-01-29
760,30,6,1,2015,5,5,2015-01-30
761,31,7,1,2015,5,5,2015-01-31
762,1,1,2,2015,1,6,2015-02-01
763,2,2,2,2015,1,6,2015-02-02
764,3,3,2,2015,1,6,2015-02-03
765,4,4,2,2015,1,6,2015-02-04
766,5,5,2,2015,1,6,2015-02-05
767,6,6,2,2015,1,6,2015-02-06
768,7,7,2,2015,1,6,2015-02-07
769,8,1,2,2015,2,7,2015-02-08
770,9,2,2,2015,2,7,2015-02-09
771,10,3,2,2015,2,7,2015-02-10
772,11,4,2,2015,2,7,2015-02-11
773,12,5,2,2015,2,7,2015-02-12
774,13,6,2,2015,2,7,2015-02-13
775,14,7,2,2015,2,7,2015-02-14
776,15,1,2,2015,3,8,2015-02-15
777,16,2,2,2015,3,8,2015-02-16
778,17,3,2,2015,3,8,2015-02-17
779,18,4,2,2015,3,8,2015-02-18
780,19,5,2,2015,3,8,2015-02-19
781,20,6,2,2015,3,8,2015-02-20
782,21,7,2,2015,3,8,2015-02-21
783,22,1,2,2015,4,9,2015-02-22
784,23,2,2,2015,4,9,2015-02-23
785,24,3,2,2015,4,9,2015-02-24
786,25,4,2,2015,4,9,2015-02-25
787,26,5,2,2015,4,9,2015-02-26
788,27,6,2,2015,4,9,2015-02-27
789,28,7,2,2015,4,9,2015-02-28
790,1,1,3,2015,1,10,2015-03-01
791,2,2,3,2015,1,10,2015-03-02
792,3,3,3,2015,1,10,2015-03-03
793,4,4,3,2015,1,10,2015-03-04
794,5,5,3,2015,1,10,2015-03-05
795,6,6,3,2015,1,10,2015-03-06
796,7,7,3,2015,1,10,2015-03-07
797,8,1,3,2015,2,11,2015-03-08
798,9,2,3,2015,2,11,2015-03-09
799,10,3,3,2015,2,11,2015-03-10
800,11,4,3,2015,2,11,2015-03-11
801,12,5,3,2015,2,11,2015-03-12
802,13,6,3,2015,2,11,2015-03-13
803,14,7,3,2015,2,11,2015-03-14
804,15,1,3,2015,3,12,2015-03-15
805,16,2,3,2015,3,12,2015-03-16
806,17,3,3,2015,3,12,2015-03-17
807,18,4,3,2015,3,12,2015-03-18
808,19,5,3,2015,3,12,2015-03-19
809,20,6,3,2015,3,12,2015-03-20
810,21,7,3,2015,3,12,2015-03-21
811,22,1,3,2015,4,13,2015-03-22
812,23,2,3,2015,4,13,2015-03-23
813,24,3,3,2015,4,13,2015-03-24
814,25,4,3,2015,4,13,2015-03-25
815,26,5,3,2015,4,13,2015-03-26
816,27,6,3,2015,4,13,2015-03-27
817,28,7,3,2015,4,13,2015-03-28
818,29,1,3,2015,5,14,2015-03-29
819,30,2,3,2015,5,14,2015-03-30
820,31,3,3,2015,5,14,2015-03-31
821,1,4,4,2015,1,14,2015-04-01
822,2,5,4,2015,1,14,2015-04-02
823,3,6,4,2015,1,14,2015-04-03
824,4,7,4,2015,1,14,2015-04-04
825,5,1,4,2015,2,15,2015-04-05
826,6,2,4,2015,2,15,2015-04-06
827,7,3,4,2015,2,15,2015-04-07
828,8,4,4,2015,2,15,2015-04-08
829,9,5,4,2015,2,15,2015-04-09
830,10,6,4,2015,2,15,2015-04-10
831,11,7,4,2015,2,15,2015-04-11
832,12,1,4,2015,3,16,2015-04-12
833,13,2,4,2015,3,16,2015-04-13
834,14,3,4,2015,3,16,2015-04-14
835,15,4,4,2015,3,16,2015-04-15
836,16,5,4,2015,3,16,2015-04-16
837,17,6,4,2015,3,16,2015-04-17
838,18,7,4,2015,3,16,2015-04-18
839,19,1,4,2015,4,17,2015-04-19
840,20,2,4,2015,4,17,2015-04-20
841,21,3,4,2015,4,17,2015-04-21
842,22,4,4,2015,4,17,2015-04-22
843,23,5,4,2015,4,17,2015-04-23
844,24,6,4,2015,4,17,2015-04-24
845,25,7,4,2015,4,17,2015-04-25
846,26,1,4,2015,5,18,2015-04-26
847,27,2,4,2015,5,18,2015-04-27
848,28,3,4,2015,5,18,2015-04-28
849,29,4,4,2015,5,18,2015-04-29
850,30,5,4,2015,5,18,2015-04-30
851,1,6,5,2015,1,18,2015-05-01
852,2,7,5,2015,1,18,2015-05-02
853,3,1,5,2015,2,19,2015-05-03
854,4,2,5,2015,2,19,2015-05-04
855,5,3,5,2015,2,19,2015-05-05
856,6,4,5,2015,2,19,2015-05-06
857,7,5,5,2015,2,19,2015-05-07
858,8,6,5,2015,2,19,2015-05-08
859,9,7,5,2015,2,19,2015-05-09
860,10,1,5,2015,3,20,2015-05-10
861,11,2,5,2015,3,20,2015-05-11
862,12,3,5,2015,3,20,2015-05-12
863,13,4,5,2015,3,20,2015-05-13
864,14,5,5,2015,3,20,2015-05-14
865,15,6,5,2015,3,20,2015-05-15
866,16,7,5,2015,3,20,2015-05-16
867,17,1,5,2015,4,21,2015-05-17
868,18,2,5,2015,4,21,2015-05-18
869,19,3,5,2015,4,21,2015-05-19
870,20,4,5,2015,4,21,2015-05-20
871,21,5,5,2015,4,21,2015-05-21
872,22,6,5,2015,4,21,2015-05-22
873,23,7,5,2015,4,21,2015-05-23
874,24,1,5,2015,5,22,2015-05-24
875,25,2,5,2015,5,22,2015-05-25
876,26,3,5,2015,5,22,2015-05-26
877,27,4,5,2015,5,22,2015-05-27
878,28,5,5,2015,5,22,2015-05-28
879,29,6,5,2015,5,22,2015-05-29
880,30,7,5,2015,5,22,2015-05-30
881,31,1,5,2015,6,23,2015-05-31
882,1,2,6,2015,1,23,2015-06-01
883,2,3,6,2015,1,23,2015-06-02
884,3,4,6,2015,1,23,2015-06-03
885,4,5,6,2015,1,23,2015-06-04
886,5,6,6,2015,1,23,2015-06-05
887,6,7,6,2015,1,23,2015-06-06
888,7,1,6,2015,2,24,2015-06-07
889,8,2,6,2015,2,24,2015-06-08
890,9,3,6,2015,2,24,2015-06-09
891,10,4,6,2015,2,24,2015-06-10
892,11,5,6,2015,2,24,2015-06-11
893,12,6,6,2015,2,24,2015-06-12
894,13,7,6,2015,2,24,2015-06-13
895,14,1,6,2015,3,25,2015-06-14
896,15,2,6,2015,3,25,2015-06-15
897,16,3,6,2015,3,25,2015-06-16
898,17,4,6,2015,3,25,2015-06-17
899,18,5,6,2015,3,25,2015-06-18
900,19,6,6,2015,3,25,2015-06-19
901,20,7,6,2015,3,25,2015-06-20
902,21,1,6,2015,4,26,2015-06-21
903,22,2,6,2015,4,26,2015-06-22
904,23,3,6,2015,4,26,2015-06-23
905,24,4,6,2015,4,26,2015-06-24
906,25,5,6,2015,4,26,2015-06-25
907,26,6,6,2015,4,26,2015-06-26
908,27,7,6,2015,4,26,2015-06-27
909,28,1,6,2015,5,27,2015-06-28
910,29,2,6,2015,5,27,2015-06-29
911,30,3,6,2015,5,27,2015-06-30
912,1,4,7,2015,1,27,2015-07-01
913,2,5,7,2015,1,27,2015-07-02
914,3,6,7,2015,1,27,2015-07-03
915,4,7,7,2015,1,27,2015-07-04
916,5,1,7,2015,2,28,2015-07-05
917,6,2,7,2015,2,28,2015-07-06
918,7,3,7,2015,2,28,2015-07-07
919,8,4,7,2015,2,28,2015-07-08
920,9,5,7,2015,2,28,2015-07-09
921,10,6,7,2015,2,28,2015-07-10
922,11,7,7,2015,2,28,2015-07-11
923,12,1,7,2015,3,29,2015-07-12
924,13,2,7,2015,3,29,2015-07-13
925,14,3,7,2015,3,29,2015-07-14
926,15,4,7,2015,3,29,2015-07-15
927,16,5,7,2015,3,29,2015-07-16
928,17,6,7,2015,3,29,2015-07-17
929,18,7,7,2015,3,29,2015-07-18
930,19,1,7,2015,4,30,2015-07-19
931,20,2,7,2015,4,30,2015-07-20
932,21,3,7,2015,4,30,2015-07-21
933,22,4,7,2015,4,30,2015-07-22
934,23,5,7,2015,4,30,2015-07-23
935,24,6,7,2015,4,30,2015-07-24
936,25,7,7,2015,4,30,2015-07-25
937,26,1,7,2015,5,31,2015-07-26
938,27,2,7,2015,5,31,2015-07-27
939,28,3,7,2015,5,31,2015-07-28
940,29,4,7,2015,5,31,2015-07-29
941,30,5,7,2015,5,31,2015-07-30
942,31,6,7,2015,5,31,2015-07-31
943,1,7,8,2015,1,31,2015-08-01
944,2,1,8,2015,2,32,2015-08-02
945,3,2,8,2015,2,32,2015-08-03
946,4,3,8,2015,2,32,2015-08-04
947,5,4,8,2015,2,32,2015-08-05
948,6,5,8,2015,2,32,2015-08-06
949,7,6,8,2015,2,32,2015-08-07
950,8,7,8,2015,2,32,2015-08-08
951,9,1,8,2015,3,33,2015-08-09
952,10,2,8,2015,3,33,2015-08-10
953,11,3,8,2015,3,33,2015-08-11
954,12,4,8,2015,3,33,2015-08-12
955,13,5,8,2015,3,33,2015-08-13
956,14,6,8,2015,3,33,2015-08-14
957,15,7,8,2015,3,33,2015-08-15
958,16,1,8,2015,4,34,2015-08-16
959,17,2,8,2015,4,34,2015-08-17
960,18,3,8,2015,4,34,2015-08-18
961,19,4,8,2015,4,34,2015-08-19
962,20,5,8,2015,4,34,2015-08-20
963,21,6,8,2015,4,34,2015-08-21
964,22,7,8,2015,4,34,2015-08-22
965,23,1,8,2015,5,35,2015-08-23
966,24,2,8,2015,5,35,2015-08-24
967,25,3,8,2015,5,35,2015-08-25
968,26,4,8,2015,5,35,2015-08-26
969,27,5,8,2015,5,35,2015-08-27
970,28,6,8,2015,5,35,2015-08-28
971,29,7,8,2015,5,35,2015-08-29
972,30,1,8,2015,6,36,2015-08-30
973,31,2,8,2015,6,36,2015-08-31
974,1,3,9,2015,1,36,2015-09-01
975,2,4,9,2015,1,36,2015-09-02
976,3,5,9,2015,1,36,2015-09-03
977,4,6,9,2015,1,36,2015-09-04
978,5,7,9,2015,1,36,2015-09-05
979,6,1,9,2015,2,37,2015-09-06
980,7,2,9,2015,2,37,2015-09-07
981,8,3,9,2015,2,37,2015-09-08
982,9,4,9,2015,2,37,2015-09-09
983,10,5,9,2015,2,37,2015-09-10
984,11,6,9,2015,2,37,2015-09-11
985,12,7,9,2015,2,37,2015-09-12
986,13,1,9,2015,3,38,2015-09-13
987,14,2,9,2015,3,38,2015-09-14
988,15,3,9,2015,3,38,2015-09-15
989,16,4,9,2015,3,38,2015-09-16
990,17,5,9,2015,3,38,2015-09-17
991,18,6,9,2015,3,38,2015-09-18
992,19,7,9,2015,3,38,2015-09-19
993,20,1,9,2015,4,39,2015-09-20
994,21,2,9,2015,4,39,2015-09-21
995,22,3,9,2015,4,39,2015-09-22
996,23,4,9,2015,4,39,2015-09-23
997,24,5,9,2015,4,39,2015-09-24
998,25,6,9,2015,4,39,2015-09-25
999,26,7,9,2015,4,39,2015-09-26
1000,27,1,9,2015,5,40,2015-09-27
1001,28,2,9,2015,5,40,2015-09-28
1002,29,3,9,2015,5,40,2015-09-29
1003,30,4,9,2015,5,40,2015-09-30
1004,1,5,10,2015,1,40,2015-10-01
1005,2,6,10,2015,1,40,2015-10-02
1006,3,7,10,2015,1,40,2015-10-03
1007,4,1,10,2015,2,41,2015-10-04
1008,5,2,10,2015,2,41,2015-10-05
1009,6,3,10,2015,2,41,2015-10-06
1010,7,4,10,2015,2,41,2015-10-07
1011,8,5,10,2015,2,41,2015-10-08
1012,9,6,10,2015,2,41,2015-10-09
1013,10,7,10,2015,2,41,2015-10-10
1014,11,1,10,2015,3,42,2015-10-11
1015,12,2,10,2015,3,42,2015-10-12
1016,13,3,10,2015,3,42,2015-10-13
1017,14,4,10,2015,3,42,2015-10-14
1018,15,5,10,2015,3,42,2015-10-15
1019,16,6,10,2015,3,42,2015-10-16
1020,17,7,10,2015,3,42,2015-10-17
1021,18,1,10,2015,4,43,2015-10-18
1022,19,2,10,2015,4,43,2015-10-19
1023,20,3,10,2015,4,43,2015-10-20
1024,21,4,10,2015,4,43,2015-10-21
1025,22,5,10,2015,4,43,2015-10-22
1026,23,6,10,2015,4,43,2015-10-23
1027,24,7,10,2015,4,43,2015-10-24
1028,25,1,10,2015,5,44,2015-10-25
1029,26,2,10,2015,5,44,2015-10-26
1030,27,3,10,2015,5,44,2015-10-27
1031,28,4,10,2015,5,44,2015-10-28
1032,29,5,10,2015,5,44,2015-10-29
1033,30,6,10,2015,5,44,2015-10-30
1034,31,7,10,2015,5,44,2015-10-31
1035,1,1,11,2015,1,45,2015-11-01
1036,2,2,11,2015,1,45,2015-11-02
1037,3,3,11,2015,1,45,2015-11-03
1038,4,4,11,2015,1,45,2015-11-04
1039,5,5,11,2015,1,45,2015-11-05
1040,6,6,11,2015,1,45,2015-11-06
1041,7,7,11,2015,1,45,2015-11-07
1042,8,1,11,2015,2,46,2015-11-08
1043,9,2,11,2015,2,46,2015-11-09
1044,10,3,11,2015,2,46,2015-11-10
1045,11,4,11,2015,2,46,2015-11-11
1046,12,5,11,2015,2,46,2015-11-12
1047,13,6,11,2015,2,46,2015-11-13
1048,14,7,11,2015,2,46,2015-11-14
1049,15,1,11,2015,3,47,2015-11-15
1050,16,2,11,2015,3,47,2015-11-16
1051,17,3,11,2015,3,47,2015-11-17
1052,18,4,11,2015,3,47,2015-11-18
1053,19,5,11,2015,3,47,2015-11-19
1054,20,6,11,2015,3,47,2015-11-20
1055,21,7,11,2015,3,47,2015-11-21
1056,22,1,11,2015,4,48,2015-11-22
1057,23,2,11,2015,4,48,2015-11-23
1058,24,3,11,2015,4,48,2015-11-24
1059,25,4,11,2015,4,48,2015-11-25
1060,26,5,11,2015,4,48,2015-11-26
1061,27,6,11,2015,4,48,2015-11-27
1062,28,7,11,2015,4,48,2015-11-28
1063,29,1,11,2015,5,49,2015-11-29
1064,30,2,11,2015,5,49,2015-11-30
1065,1,3,12,2015,1,49,2015-12-01
1066,2,4,12,2015,1,49,2015-12-02
1067,3,5,12,2015,1,49,2015-12-03
1068,4,6,12,2015,1,49,2015-12-04
1069,5,7,12,2015,1,49,2015-12-05
1070,6,1,12,2015,2,50,2015-12-06
1071,7,2,12,2015,2,50,2015-12-07
1072,8,3,12,2015,2,50,2015-12-08
1073,9,4,12,2015,2,50,2015-12-09
1074,10,5,12,2015,2,50,2015-12-10
1075,11,6,12,2015,2,50,2015-12-11
1076,12,7,12,2015,2,50,2015-12-12
1077,13,1,12,2015,3,51,2015-12-13
1078,14,2,12,2015,3,51,2015-12-14
1079,15,3,12,2015,3,51,2015-12-15
1080,16,4,12,2015,3,51,2015-12-16
1081,17,5,12,2015,3,51,2015-12-17
1082,18,6,12,2015,3,51,2015-12-18
1083,19,7,12,2015,3,51,2015-12-19
1084,20,1,12,2015,4,52,2015-12-20
1085,21,2,12,2015,4,52,2015-12-21
1086,22,3,12,2015,4,52,2015-12-22
1087,23,4,12,2015,4,52,2015-12-23
1088,24,5,12,2015,4,52,2015-12-24
1089,25,6,12,2015,4,52,2015-12-25
1090,26,7,12,2015,4,52,2015-12-26
1091,27,1,12,2015,5,1,2015-12-27
1092,28,2,12,2015,5,1,2015-12-28
1093,29,3,12,2015,5,1,2015-12-29
1094,30,4,12,2015,5,1,2015-12-30
1095,31,5,12,2015,5,1,2015-12-31
1096,1,6,1,2016,1,1,2016-01-01
1097,2,7,1,2016,1,1,2016-01-02
1098,3,1,1,2016,2,2,2016-01-03
1099,4,2,1,2016,2,2,2016-01-04
1100,5,3,1,2016,2,2,2016-01-05
1101,6,4,1,2016,2,2,2016-01-06
1102,7,5,1,2016,2,2,2016-01-07
1103,8,6,1,2016,2,2,2016-01-08
1104,9,7,1,2016,2,2,2016-01-09
1105,10,1,1,2016,3,3,2016-01-10
1106,11,2,1,2016,3,3,2016-01-11
1107,12,3,1,2016,3,3,2016-01-12
1108,13,4,1,2016,3,3,2016-01-13
1109,14,5,1,2016,3,3,2016-01-14
1110,15,6,1,2016,3,3,2016-01-15
1111,16,7,1,2016,3,3,2016-01-16
1112,17,1,1,2016,4,4,2016-01-17
1113,18,2,1,2016,4,4,2016-01-18
1114,19,3,1,2016,4,4,2016-01-19
1115,20,4,1,2016,4,4,2016-01-20
1116,21,5,1,2016,4,4,2016-01-21
1117,22,6,1,2016,4,4,2016-01-22
1118,23,7,1,2016,4,4,2016-01-23
1119,24,1,1,2016,5,5,2016-01-24
1120,25,2,1,2016,5,5,2016-01-25
1121,26,3,1,2016,5,5,2016-01-26
1122,27,4,1,2016,5,5,2016-01-27
1123,28,5,1,2016,5,5,2016-01-28
1124,29,6,1,2016,5,5,2016-01-29
1125,30,7,1,2016,5,5,2016-01-30
1126,31,1,1,2016,6,6,2016-01-31
1127,1,2,2,2016,1,6,2016-02-01
1128,2,3,2,2016,1,6,2016-02-02
1129,3,4,2,2016,1,6,2016-02-03
1130,4,5,2,2016,1,6,2016-02-04
1131,5,6,2,2016,1,6,2016-02-05
1132,6,7,2,2016,1,6,2016-02-06
1133,7,1,2,2016,2,7,2016-02-07
1134,8,2,2,2016,2,7,2016-02-08
1135,9,3,2,2016,2,7,2016-02-09
1136,10,4,2,2016,2,7,2016-02-10
1137,11,5,2,2016,2,7,2016-02-11
1138,12,6,2,2016,2,7,2016-02-12
1139,13,7,2,2016,2,7,2016-02-13
1140,14,1,2,2016,3,8,2016-02-14
1141,15,2,2,2016,3,8,2016-02-15
1142,16,3,2,2016,3,8,2016-02-16
1143,17,4,2,2016,3,8,2016-02-17
1144,18,5,2,2016,3,8,2016-02-18
1145,19,6,2,2016,3,8,2016-02-19
1146,20,7,2,2016,3,8,2016-02-20
1147,21,1,2,2016,4,9,2016-02-21
1148,22,2,2,2016,4,9,2016-02-22
1149,23,3,2,2016,4,9,2016-02-23
1150,24,4,2,2016,4,9,2016-02-24
1151,25,5,2,2016,4,9,2016-02-25
1152,26,6,2,2016,4,9,2016-02-26
1153,27,7,2,2016,4,9,2016-02-27
1154,28,1,2,2016,5,10,2016-02-28
1155,29,2,2,2016,5,10,2016-02-29
1156,1,3,3,2016,1,10,2016-03-01
1157,2,4,3,2016,1,10,2016-03-02
1158,3,5,3,2016,1,10,2016-03-03
1159,4,6,3,2016,1,10,2016-03-04
1160,5,7,3,2016,1,10,2016-03-05
1161,6,1,3,2016,2,11,2016-03-06
1162,7,2,3,2016,2,11,2016-03-07
1163,8,3,3,2016,2,11,2016-03-08
1164,9,4,3,2016,2,11,2016-03-09
1165,10,5,3,2016,2,11,2016-03-10
1166,11,6,3,2016,2,11,2016-03-11
1167,12,7,3,2016,2,11,2016-03-12
1168,13,1,3,2016,3,12,2016-03-13
1169,14,2,3,2016,3,12,2016-03-14
1170,15,3,3,2016,3,12,2016-03-15
1171,16,4,3,2016,3,12,2016-03-16
1172,17,5,3,2016,3,12,2016-03-17
1173,18,6,3,2016,3,12,2016-03-18
1174,19,7,3,2016,3,12,2016-03-19
1175,20,1,3,2016,4,13,2016-03-20
1176,21,2,3,2016,4,13,2016-03-21
1177,22,3,3,2016,4,13,2016-03-22
1178,23,4,3,2016,4,13,2016-03-23
1179,24,5,3,2016,4,13,2016-03-24
1180,25,6,3,2016,4,13,2016-03-25
1181,26,7,3,2016,4,13,2016-03-26
1182,27,1,3,2016,5,14,2016-03-27
1183,28,2,3,2016,5,14,2016-03-28
1184,29,3,3,2016,5,14,2016-03-29
1185,30,4,3,2016,5,14,2016-03-30
1186,31,5,3,2016,5,14,2016-03-31
1187,1,6,4,2016,1,14,2016-04-01
1188,2,7,4,2016,1,14,2016-04-02
1189,3,1,4,2016,2,15,2016-04-03
1190,4,2,4,2016,2,15,2016-04-04
1191,5,3,4,2016,2,15,2016-04-05
1192,6,4,4,2016,2,15,2016-04-06
1193,7,5,4,2016,2,15,2016-04-07
1194,8,6,4,2016,2,15,2016-04-08
1195,9,7,4,2016,2,15,2016-04-09
1196,10,1,4,2016,3,16,2016-04-10
1197,11,2,4,2016,3,16,2016-04-11
1198,12,3,4,2016,3,16,2016-04-12
1199,13,4,4,2016,3,16,2016-04-13
1200,14,5,4,2016,3,16,2016-04-14
1201,15,6,4,2016,3,16,2016-04-15
1202,16,7,4,2016,3,16,2016-04-16
1203,17,1,4,2016,4,17,2016-04-17
1204,18,2,4,2016,4,17,2016-04-18
1205,19,3,4,2016,4,17,2016-04-19
1206,20,4,4,2016,4,17,2016-04-20
1207,21,5,4,2016,4,17,2016-04-21
1208,22,6,4,2016,4,17,2016-04-22
1209,23,7,4,2016,4,17,2016-04-23
1210,24,1,4,2016,5,18,2016-04-24
1211,25,2,4,2016,5,18,2016-04-25
1212,26,3,4,2016,5,18,2016-04-26
1213,27,4,4,2016,5,18,2016-04-27
1214,28,5,4,2016,5,18,2016-04-28
1215,29,6,4,2016,5,18,2016-04-29
1216,30,7,4,2016,5,18,2016-04-30
1217,1,1,5,2016,1,19,2016-05-01
1218,2,2,5,2016,1,19,2016-05-02
1219,3,3,5,2016,1,19,2016-05-03
1220,4,4,5,2016,1,19,2016-05-04
1221,5,5,5,2016,1,19,2016-05-05
1222,6,6,5,2016,1,19,2016-05-06
1223,7,7,5,2016,1,19,2016-05-07
1224,8,1,5,2016,2,20,2016-05-08
1225,9,2,5,2016,2,20,2016-05-09
1226,10,3,5,2016,2,20,2016-05-10
1227,11,4,5,2016,2,20,2016-05-11
1228,12,5,5,2016,2,20,2016-05-12
1229,13,6,5,2016,2,20,2016-05-13
1230,14,7,5,2016,2,20,2016-05-14
1231,15,1,5,2016,3,21,2016-05-15
1232,16,2,5,2016,3,21,2016-05-16
1233,17,3,5,2016,3,21,2016-05-17
1234,18,4,5,2016,3,21,2016-05-18
1235,19,5,5,2016,3,21,2016-05-19
1236,20,6,5,2016,3,21,2016-05-20
1237,21,7,5,2016,3,21,2016-05-21
1238,22,1,5,2016,4,22,2016-05-22
1239,23,2,5,2016,4,22,2016-05-23
1240,24,3,5,2016,4,22,2016-05-24
1241,25,4,5,2016,4,22,2016-05-25
1242,26,5,5,2016,4,22,2016-05-26
1243,27,6,5,2016,4,22,2016-05-27
1244,28,7,5,2016,4,22,2016-05-28
1245,29,1,5,2016,5,23,2016-05-29
1246,30,2,5,2016,5,23,2016-05-30
1247,31,3,5,2016,5,23,2016-05-31
1248,1,4,6,2016,1,23,2016-06-01
1249,2,5,6,2016,1,23,2016-06-02
1250,3,6,6,2016,1,23,2016-06-03
1251,4,7,6,2016,1,23,2016-06-04
1252,5,1,6,2016,2,24,2016-06-05
1253,6,2,6,2016,2,24,2016-06-06
1254,7,3,6,2016,2,24,2016-06-07
1255,8,4,6,2016,2,24,2016-06-08
1256,9,5,6,2016,2,24,2016-06-09
1257,10,6,6,2016,2,24,2016-06-10
1258,11,7,6,2016,2,24,2016-06-11
1259,12,1,6,2016,3,25,2016-06-12
1260,13,2,6,2016,3,25,2016-06-13
1261,14,3,6,2016,3,25,2016-06-14
1262,15,4,6,2016,3,25,2016-06-15
1263,16,5,6,2016,3,25,2016-06-16
1264,17,6,6,2016,3,25,2016-06-17
1265,18,7,6,2016,3,25,2016-06-18
1266,19,1,6,2016,4,26,2016-06-19
1267,20,2,6,2016,4,26,2016-06-20
1268,21,3,6,2016,4,26,2016-06-21
1269,22,4,6,2016,4,26,2016-06-22
1270,23,5,6,2016,4,26,2016-06-23
1271,24,6,6,2016,4,26,2016-06-24
1272,25,7,6,2016,4,26,2016-06-25
1273,26,1,6,2016,5,27,2016-06-26
1274,27,2,6,2016,5,27,2016-06-27
1275,28,3,6,2016,5,27,2016-06-28
1276,29,4,6,2016,5,27,2016-06-29
1277,30,5,6,2016,5,27,2016-06-30
1278,1,6,7,2016,1,27,2016-07-01
1279,2,7,7,2016,1,27,2016-07-02
1280,3,1,7,2016,2,28,2016-07-03
1281,4,2,7,2016,2,28,2016-07-04
1282,5,3,7,2016,2,28,2016-07-05
1283,6,4,7,2016,2,28,2016-07-06
1284,7,5,7,2016,2,28,2016-07-07
1285,8,6,7,2016,2,28,2016-07-08
1286,9,7,7,2016,2,28,2016-07-09
1287,10,1,7,2016,3,29,2016-07-10
1288,11,2,7,2016,3,29,2016-07-11
1289,12,3,7,2016,3,29,2016-07-12
1290,13,4,7,2016,3,29,2016-07-13
1291,14,5,7,2016,3,29,2016-07-14
1292,15,6,7,2016,3,29,2016-07-15
1293,16,7,7,2016,3,29,2016-07-16
1294,17,1,7,2016,4,30,2016-07-17
1295,18,2,7,2016,4,30,2016-07-18
1296,19,3,7,2016,4,30,2016-07-19
1297,20,4,7,2016,4,30,2016-07-20
1298,21,5,7,2016,4,30,2016-07-21
1299,22,6,7,2016,4,30,2016-07-22
1300,23,7,7,2016,4,30,2016-07-23
1301,24,1,7,2016,5,31,2016-07-24
1302,25,2,7,2016,5,31,2016-07-25
1303,26,3,7,2016,5,31,2016-07-26
1304,27,4,7,2016,5,31,2016-07-27
1305,28,5,7,2016,5,31,2016-07-28
1306,29,6,7,2016,5,31,2016-07-29
1307,30,7,7,2016,5,31,2016-07-30
1308,31,1,7,2016,6,32,2016-07-31
1309,1,2,8,2016,1,32,2016-08-01
1310,2,3,8,2016,1,32,2016-08-02
1311,3,4,8,2016,1,32,2016-08-03
1312,4,5,8,2016,1,32,2016-08-04
1313,5,6,8,2016,1,32,2016-08-05
1314,6,7,8,2016,1,32,2016-08-06
1315,7,1,8,2016,2,33,2016-08-07
1316,8,2,8,2016,2,33,2016-08-08
1317,9,3,8,2016,2,33,2016-08-09
1318,10,4,8,2016,2,33,2016-08-10
1319,11,5,8,2016,2,33,2016-08-11
1320,12,6,8,2016,2,33,2016-08-12
1321,13,7,8,2016,2,33,2016-08-13
1322,14,1,8,2016,3,34,2016-08-14
1323,15,2,8,2016,3,34,2016-08-15
1324,16,3,8,2016,3,34,2016-08-16
1325,17,4,8,2016,3,34,2016-08-17
1326,18,5,8,2016,3,34,2016-08-18
1327,19,6,8,2016,3,34,2016-08-19
1328,20,7,8,2016,3,34,2016-08-20
1329,21,1,8,2016,4,35,2016-08-21
1330,22,2,8,2016,4,35,2016-08-22
1331,23,3,8,2016,4,35,2016-08-23
1332,24,4,8,2016,4,35,2016-08-24
1333,25,5,8,2016,4,35,2016-08-25
1334,26,6,8,2016,4,35,2016-08-26
1335,27,7,8,2016,4,35,2016-08-27
1336,28,1,8,2016,5,36,2016-08-28
1337,29,2,8,2016,5,36,2016-08-29
1338,30,3,8,2016,5,36,2016-08-30
1339,31,4,8,2016,5,36,2016-08-31
1340,1,5,9,2016,1,36,2016-09-01
1341,2,6,9,2016,1,36,2016-09-02
1342,3,7,9,2016,1,36,2016-09-03
1343,4,1,9,2016,2,37,2016-09-04
1344,5,2,9,2016,2,37,2016-09-05
1345,6,3,9,2016,2,37,2016-09-06
1346,7,4,9,2016,2,37,2016-09-07
1347,8,5,9,2016,2,37,2016-09-08
1348,9,6,9,2016,2,37,2016-09-09
1349,10,7,9,2016,2,37,2016-09-10
1350,11,1,9,2016,3,38,2016-09-11
1351,12,2,9,2016,3,38,2016-09-12
1352,13,3,9,2016,3,38,2016-09-13
1353,14,4,9,2016,3,38,2016-09-14
1354,15,5,9,2016,3,38,2016-09-15
1355,16,6,9,2016,3,38,2016-09-16
1356,17,7,9,2016,3,38,2016-09-17
1357,18,1,9,2016,4,39,2016-09-18
1358,19,2,9,2016,4,39,2016-09-19
1359,20,3,9,2016,4,39,2016-09-20
1360,21,4,9,2016,4,39,2016-09-21
1361,22,5,9,2016,4,39,2016-09-22
1362,23,6,9,2016,4,39,2016-09-23
1363,24,7,9,2016,4,39,2016-09-24
1364,25,1,9,2016,5,40,2016-09-25
1365,26,2,9,2016,5,40,2016-09-26
1366,27,3,9,2016,5,40,2016-09-27
1367,28,4,9,2016,5,40,2016-09-28
1368,29,5,9,2016,5,40,2016-09-29
1369,30,6,9,2016,5,40,2016-09-30
1370,1,7,10,2016,1,40,2016-10-01
1371,2,1,10,2016,2,41,2016-10-02
1372,3,2,10,2016,2,41,2016-10-03
1373,4,3,10,2016,2,41,2016-10-04
1374,5,4,10,2016,2,41,2016-10-05
1375,6,5,10,2016,2,41,2016-10-06
1376,7,6,10,2016,2,41,2016-10-07
1377,8,7,10,2016,2,41,2016-10-08
1378,9,1,10,2016,3,42,2016-10-09
1379,10,2,10,2016,3,42,2016-10-10
1380,11,3,10,2016,3,42,2016-10-11
1381,12,4,10,2016,3,42,2016-10-12
1382,13,5,10,2016,3,42,2016-10-13
1383,14,6,10,2016,3,42,2016-10-14
1384,15,7,10,2016,3,42,2016-10-15
1385,16,1,10,2016,4,43,2016-10-16
1386,17,2,10,2016,4,43,2016-10-17
1387,18,3,10,2016,4,43,2016-10-18
1388,19,4,10,2016,4,43,2016-10-19
1389,20,5,10,2016,4,43,2016-10-20
1390,21,6,10,2016,4,43,2016-10-21
1391,22,7,10,2016,4,43,2016-10-22
1392,23,1,10,2016,5,44,2016-10-23
1393,24,2,10,2016,5,44,2016-10-24
1394,25,3,10,2016,5,44,2016-10-25
1395,26,4,10,2016,5,44,2016-10-26
1396,27,5,10,2016,5,44,2016-10-27
1397,28,6,10,2016,5,44,2016-10-28
1398,29,7,10,2016,5,44,2016-10-29
1399,30,1,10,2016,6,45,2016-10-30
1400,31,2,10,2016,6,45,2016-10-31
1401,1,3,11,2016,1,45,2016-11-01
1402,2,4,11,2016,1,45,2016-11-02
1403,3,5,11,2016,1,45,2016-11-03
1404,4,6,11,2016,1,45,2016-11-04
1405,5,7,11,2016,1,45,2016-11-05
1406,6,1,11,2016,2,46,2016-11-06
1407,7,2,11,2016,2,46,2016-11-07
1408,8,3,11,2016,2,46,2016-11-08
1409,9,4,11,2016,2,46,2016-11-09
1410,10,5,11,2016,2,46,2016-11-10
1411,11,6,11,2016,2,46,2016-11-11
1412,12,7,11,2016,2,46,2016-11-12
1413,13,1,11,2016,3,47,2016-11-13
1414,14,2,11,2016,3,47,2016-11-14
1415,15,3,11,2016,3,47,2016-11-15
1416,16,4,11,2016,3,47,2016-11-16
1417,17,5,11,2016,3,47,2016-11-17
1418,18,6,11,2016,3,47,2016-11-18
1419,19,7,11,2016,3,47,2016-11-19
1420,20,1,11,2016,4,48,2016-11-20
1421,21,2,11,2016,4,48,2016-11-21
1422,22,3,11,2016,4,48,2016-11-22
1423,23,4,11,2016,4,48,2016-11-23
1424,24,5,11,2016,4,48,2016-11-24
1425,25,6,11,2016,4,48,2016-11-25
1426,26,7,11,2016,4,48,2016-11-26
1427,27,1,11,2016,5,49,2016-11-27
1428,28,2,11,2016,5,49,2016-11-28
1429,29,3,11,2016,5,49,2016-11-29
1430,30,4,11,2016,5,49,2016-11-30
1431,1,5,12,2016,1,49,2016-12-01
1432,2,6,12,2016,1,49,2016-12-02
1433,3,7,12,2016,1,49,2016-12-03
1434,4,1,12,2016,2,50,2016-12-04
1435,5,2,12,2016,2,50,2016-12-05
1436,6,3,12,2016,2,50,2016-12-06
1437,7,4,12,2016,2,50,2016-12-07
1438,8,5,12,2016,2,50,2016-12-08
1439,9,6,12,2016,2,50,2016-12-09
1440,10,7,12,2016,2,50,2016-12-10
1441,11,1,12,2016,3,51,2016-12-11
1442,12,2,12,2016,3,51,2016-12-12
1443,13,3,12,2016,3,51,2016-12-13
1444,14,4,12,2016,3,51,2016-12-14
1445,15,5,12,2016,3,51,2016-12-15
1446,16,6,12,2016,3,51,2016-12-16
1447,17,7,12,2016,3,51,2016-12-17
1448,18,1,12,2016,4,52,2016-12-18
1449,19,2,12,2016,4,52,2016-12-19
1450,20,3,12,2016,4,52,2016-12-20
1451,21,4,12,2016,4,52,2016-12-21
1452,22,5,12,2016,4,52,2016-12-22
1453,23,6,12,2016,4,52,2016-12-23
1454,24,7,12,2016,4,52,2016-12-24
1455,25,1,12,2016,5,53,2016-12-25
1456,26,2,12,2016,5,53,2016-12-26
1457,27,3,12,2016,5,53,2016-12-27
1458,28,4,12,2016,5,53,2016-12-28
1459,29,5,12,2016,5,53,2016-12-29
1460,30,6,12,2016,5,53,2016-12-30
1461,31,7,12,2016,5,53,2016-12-31
1462,1,1,1,2017,1,1,2017-01-01
1463,2,2,1,2017,1,1,2017-01-02
1464,3,3,1,2017,1,1,2017-01-03
1465,4,4,1,2017,1,1,2017-01-04
1466,5,5,1,2017,1,1,2017-01-05
1467,6,6,1,2017,1,1,2017-01-06
1468,7,7,1,2017,1,1,2017-01-07
1469,8,1,1,2017,2,2,2017-01-08
1470,9,2,1,2017,2,2,2017-01-09
1471,10,3,1,2017,2,2,2017-01-10
1472,11,4,1,2017,2,2,2017-01-11
1473,12,5,1,2017,2,2,2017-01-12
1474,13,6,1,2017,2,2,2017-01-13
1475,14,7,1,2017,2,2,2017-01-14
1476,15,1,1,2017,3,3,2017-01-15
1477,16,2,1,2017,3,3,2017-01-16
1478,17,3,1,2017,3,3,2017-01-17
1479,18,4,1,2017,3,3,2017-01-18
1480,19,5,1,2017,3,3,2017-01-19
1481,20,6,1,2017,3,3,2017-01-20
1482,21,7,1,2017,3,3,2017-01-21
1483,22,1,1,2017,4,4,2017-01-22
1484,23,2,1,2017,4,4,2017-01-23
1485,24,3,1,2017,4,4,2017-01-24
1486,25,4,1,2017,4,4,2017-01-25
1487,26,5,1,2017,4,4,2017-01-26
1488,27,6,1,2017,4,4,2017-01-27
1489,28,7,1,2017,4,4,2017-01-28
1490,29,1,1,2017,5,5,2017-01-29
1491,30,2,1,2017,5,5,2017-01-30
1492,31,3,1,2017,5,5,2017-01-31
1493,1,4,2,2017,1,5,2017-02-01
1494,2,5,2,2017,1,5,2017-02-02
1495,3,6,2,2017,1,5,2017-02-03
1496,4,7,2,2017,1,5,2017-02-04
1497,5,1,2,2017,2,6,2017-02-05
1498,6,2,2,2017,2,6,2017-02-06
1499,7,3,2,2017,2,6,2017-02-07
1500,8,4,2,2017,2,6,2017-02-08
